Scene,Method,PSNR,SSIM,LPIPS,Anchors
Amsterdam,Octree-GS,27.8421,0.9188,0.0923,1085351
Amsterdam,Ours,28.2505,0.9220,0.0921,818306
Barcelona,Octree-GS,28.1680,0.9254,0.0750,1210912
Barcelona,Ours,28.2518,0.9243,0.0777,998991
Bilbao,Octree-GS,29.1410,0.9202,0.0928,1001879
Bilbao,Ours,29.4149,0.9231,0.0909,858481
Chicago,Octree-GS,28.7798,0.9337,0.0778,1027405
Chicago,Ours,28.9173,0.9332,0.0787,826912
Hollywood,Octree-GS,26.7008,0.8808,0.1315,892589
Hollywood,Ours,27.0682,0.8875,0.1270,814779
Pompidou,Octree-GS,27.0045,0.9182,0.0933,1077451
Pompidou,Ours,27.7743,0.9232,0.0918,877669
Quebec,Octree-GS,28.9123,0.9407,0.0781,1049066
Quebec,Ours,29.6661,0.9448,0.0747,834103
Rome,Octree-GS,28.4910,0.9302,0.0790,1214584
Rome,Ours,29.0992,0.9350,0.0748,1054317
Average,Octree-GS,28.1299,0.9210,0.0900,1069905
Average,Ours,28.5553,0.9242,0.0885,885445
